<?xml version="1.0" encoding="UTF-8"?><module codename="com.fasterxml.jackson.core">
    <module_version install_time="1552633434431" last="true" origin="installer" specification_version="1.2">
        <file crc="2531597009" name="config/Modules/com-fasterxml-jackson-core.xml"/>
        <file crc="1381552102" name="modules/com-fasterxml-jackson-core.jar"/>
        <file crc="3773811368" name="modules/ext/jackson-annotations-2.9.0.jar"/>
        <file crc="3347975468" name="modules/ext/jackson-core-2.9.6.jar"/>
        <file crc="1132373718" name="modules/ext/jackson-databind-2.9.6.jar"/>
        <file crc="2870237278" name="modules/ext/jackson-datatype-jdk8-2.9.6.jar"/>
        <file crc="3050316109" name="modules/ext/jackson-datatype-jsr310-2.9.6.jar"/>
    </module_version>
</module>
