<?xml version="1.0" encoding="UTF-8"?><module codename="org.mockito">
    <module_version install_time="1552633445806" last="true" origin="installer" specification_version="1.1">
        <file crc="2246621909" name="config/Modules/org-mockito.xml"/>
        <file crc="2267514633" name="modules/ext/byte-buddy-1.8.15.jar"/>
        <file crc="2777601088" name="modules/ext/byte-buddy-agent-1.8.15.jar"/>
        <file crc="2198054544" name="modules/ext/mockito-core-2.21.0.jar"/>
        <file crc="2594503421" name="modules/ext/objenesis-2.6.jar"/>
        <file crc="25116735" name="modules/org-mockito.jar"/>
    </module_version>
</module>
