<?xml version="1.0" encoding="UTF-8"?><module codename="org.netbeans.bootstrap/1">
    <module_version install_time="1476372439285" last="true" origin="installer" specification_version="2.69.2">
        <file crc="276067393" name="lib/boot.jar"/>
        <file crc="3685788837" name="lib/nbexec"/>
        <file crc="4015613704" name="lib/nbexec.dll"/>
        <file crc="3941304409" name="lib/nbexec.exe"/>
        <file crc="1398489688" name="lib/nbexec64.dll"/>
        <file crc="1697775532" name="lib/nbexec64.exe"/>
    </module_version>
</module>
