<?xml version="1.0" encoding="UTF-8"?><module codename="com.paterva.maltego.branding">
    <module_version install_time="1552633966639" last="true" origin="installer" specification_version="2.6">
        <file crc="290450289" name="config/Modules/com-paterva-maltego-branding.xml"/>
        <file crc="1462465256" name="core/locale/core_maltego.jar"/>
        <file crc="3528188113" name="modules/com-paterva-maltego-branding.jar"/>
        <file crc="1145023497" name="modules/ext/locale/updater_maltego.jar"/>
        <file crc="1136202807" name="modules/locale/com-bulenkov-darcula_maltego.jar"/>
        <file crc="3880468897" name="modules/locale/com-paterva-maltego-laf_maltego.jar"/>
        <file crc="2592195131" name="modules/locale/com-paterva-maltego-pws_maltego.jar"/>
        <file crc="907360168" name="modules/locale/com-paterva-maltego-ui-graph_maltego.jar"/>
        <file crc="2702087823" name="modules/locale/com-paterva-maltego-util-ui_maltego.jar"/>
        <file crc="2986091028" name="modules/locale/com-paterva-maltego-welcome_maltego.jar"/>
        <file crc="1538866144" name="modules/locale/com-pinkmatter-modules-flamingo_maltego.jar"/>
        <file crc="2346117850" name="modules/locale/org-netbeans-core-io-ui_maltego.jar"/>
        <file crc="922474896" name="modules/locale/org-netbeans-core-ui_maltego.jar"/>
        <file crc="1310572364" name="modules/locale/org-netbeans-core-windows_maltego.jar"/>
        <file crc="2029333069" name="modules/locale/org-netbeans-core_maltego.jar"/>
        <file crc="3269587016" name="modules/locale/org-netbeans-modules-extexecution_maltego.jar"/>
        <file crc="3192399274" name="modules/locale/org-netbeans-spi-palette_maltego.jar"/>
        <file crc="1034161363" name="modules/locale/org-netbeans-swing-outline_maltego.jar"/>
        <file crc="1240824125" name="modules/locale/org-netbeans-swing-plaf_maltego.jar"/>
        <file crc="2021652454" name="modules/locale/org-netbeans-swing-tabcontrol_maltego.jar"/>
        <file crc="1654495850" name="modules/locale/org-openide-actions_maltego.jar"/>
        <file crc="54116108" name="modules/locale/org-openide-awt_maltego.jar"/>
        <file crc="2593655257" name="modules/locale/org-openide-dialogs_maltego.jar"/>
        <file crc="3383571090" name="modules/locale/org-openide-explorer_maltego.jar"/>
    </module_version>
</module>
