{
  "configs": [
    {
      "server": "103.29.70.219",
      "server_port": 32206,
      "password": "271ed59da9a79a5b7f1dcc8cd7a0e6b2",
      "method": "aes-256-cfb",
      "plugin": "",
      "plugin_opts": "",
      "plugin_args": "",
      "remarks": "",
      "timeout": 5
    },
    {
      "server": "199.247.23.228",
      "server_port": 5000,
      "password": "123456",
      "method": "chacha20",
      "plugin": "",
      "plugin_opts": "",
      "plugin_args": "",
      "remarks": "",
      "timeout": 5
    }
  ],
  "strategy": null,
  "index": 1,
  "global": false,
  "enabled": true,
  "shareOverLan": false,
  "isDefault": false,
  "localPort": 1080,
  "portableMode": true,
  "pacUrl": null,
  "useOnlinePac": false,
  "secureLocalPac": true,
  "availabilityStatistics": false,
  "autoCheckUpdate": true,
  "checkPreRelease": false,
  "isVerboseLogging": false,
  "logViewer": {
    "topMost": false,
    "wrapText": false,
    "toolbarShown": false,
    "Font": "Consolas, 8pt",
    "BackgroundColor": "Black",
    "TextColor": "White"
  },
  "proxy": {
    "useProxy": false,
    "proxyType": 0,
    "proxyServer": "",
    "proxyPort": 0,
    "proxyTimeout": 3
  },
  "hotkey": {
    "SwitchSystemProxy": "",
    "SwitchSystemProxyMode": "",
    "SwitchAllowLan": "",
    "ShowLogs": "",
    "ServerMoveUp": "",
    "ServerMoveDown": "",
    "RegHotkeysAtStartup": false
  }
}