<?xml version="1.0" encoding="UTF-8"?><module codename="com.twelvemonkeys.imageio">
    <module_version install_time="1552633771936" last="true" origin="installer" specification_version="1.2">
        <file crc="2715108093" name="config/Modules/com-twelvemonkeys-imageio.xml"/>
        <file crc="1921393959" name="modules/com-twelvemonkeys-imageio.jar"/>
        <file crc="1426565428" name="modules/ext/batik-anim-1.10.jar"/>
        <file crc="49104351" name="modules/ext/batik-awt-util-1.10.jar"/>
        <file crc="3689813183" name="modules/ext/batik-bridge-1.10.jar"/>
        <file crc="564771159" name="modules/ext/batik-codec-1.10.jar"/>
        <file crc="2933239092" name="modules/ext/batik-constants-1.10.jar"/>
        <file crc="2506615411" name="modules/ext/batik-css-1.10.jar"/>
        <file crc="792810259" name="modules/ext/batik-dom-1.10.jar"/>
        <file crc="3544330350" name="modules/ext/batik-ext-1.10.jar"/>
        <file crc="4146047818" name="modules/ext/batik-extension-1.10.jar"/>
        <file crc="1602636733" name="modules/ext/batik-gvt-1.10.jar"/>
        <file crc="1796609318" name="modules/ext/batik-i18n-1.10.jar"/>
        <file crc="2830295807" name="modules/ext/batik-parser-1.10.jar"/>
        <file crc="4128036498" name="modules/ext/batik-script-1.10.jar"/>
        <file crc="369015015" name="modules/ext/batik-svg-dom-1.10.jar"/>
        <file crc="1569944308" name="modules/ext/batik-svggen-1.10.jar"/>
        <file crc="2718964630" name="modules/ext/batik-transcoder-1.10.jar"/>
        <file crc="3033634571" name="modules/ext/batik-util-1.10.jar"/>
        <file crc="4276880592" name="modules/ext/batik-xml-1.10.jar"/>
        <file crc="850578451" name="modules/ext/common-image-3.4.1.jar"/>
        <file crc="3889478232" name="modules/ext/common-io-3.4.1.jar"/>
        <file crc="475300068" name="modules/ext/common-lang-3.4.1.jar"/>
        <file crc="11779099" name="modules/ext/commons-io-1.3.1.jar"/>
        <file crc="3420158953" name="modules/ext/commons-logging-1.0.4.jar"/>
        <file crc="386028516" name="modules/ext/imageio-batik-3.4.1.jar"/>
        <file crc="233057511" name="modules/ext/imageio-bmp-3.4.1.jar"/>
        <file crc="2993969217" name="modules/ext/imageio-core-3.4.1.jar"/>
        <file crc="2656417336" name="modules/ext/imageio-metadata-3.4.1.jar"/>
        <file crc="2464482566" name="modules/ext/imageio-tiff-3.4.1.jar"/>
        <file crc="2669779638" name="modules/ext/xml-apis-1.3.04.jar"/>
        <file crc="2268634152" name="modules/ext/xml-apis-ext-1.3.04.jar"/>
        <file crc="3718552314" name="modules/ext/xmlgraphics-commons-2.2.jar"/>
    </module_version>
</module>
